month,gaps,gap_mmsi,presence_hours,observed_equivalent_vessel_days,apparent_fishing_hours,presence_mmsi,fishing_mmsi,gap_mmsi_in_observed_fleet,gaps_in_observed_fleet,gap_mmsi_missing_from_presence,gaps_per_1000_observed_vessel_days,observed_fleet_with_gaps_pct,sar_detections,sar_unmatched,sar_unmatched_pct,sar_coverage_adjusted_density,presence_hours_without_mmsi,effort_hours_without_mmsi,presence_hours_total,apparent_fishing_hours_total,sar_status
2017-01,261,72,184571.0,7690.458333333333,63949.61722222222,550,389,72,261,0,33.9381592991315,13.090909090909092,394.0,204.0,51.776649746192895,,545.0,0,185116.0,63949.61722222222,reported
2017-02,489,182,214113.0,8921.375,95263.48722222222,664,530,180,486,2,54.475907581510704,27.10843373493976,1223.0,581.0,47.50613246116108,,650.0,0,214763.0,95263.48722222222,reported
2017-03,448,191,256600.0,10691.666666666666,133213.75416666668,703,580,191,448,0,41.90179267342167,27.169274537695593,1090.0,758.0,69.54128440366972,,267.0,0,256867.0,133213.75416666668,reported
2017-04,190,98,280653.0,11693.875,168632.41361111111,715,602,98,190,0,16.247822043591196,13.706293706293707,956.0,453.0,47.38493723849373,,764.0,0,281417.0,168632.41361111111,reported
2017-05,152,72,249868.0,10411.166666666666,116039.04111111112,661,546,72,152,0,14.599708646165176,10.892586989409985,935.0,326.0,34.8663101604278,,502.0,0,250370.0,116039.04111111112,reported
2017-06,99,46,188342.0,7847.583333333333,94973.94527777778,437,355,45,98,1,12.487920909834237,10.297482837528605,1136.0,319.0,28.080985915492956,,512.0,0,188854.0,94973.94527777778,reported
2017-07,78,44,200290.0,8345.416666666666,111967.04138888889,423,355,44,78,0,9.346447650906185,10.401891252955082,800.0,260.0,32.5,,979.0,0,201269.0,111967.04138888889,reported
2017-08,98,44,214838.0,8951.583333333334,110633.96333333333,424,359,44,98,0,10.947783911598506,10.377358490566039,980.0,251.0,25.612244897959187,,989.0,0,215827.0,110633.96333333333,reported
2017-09,105,46,212218.0,8842.416666666666,121038.88027777777,447,376,46,105,0,11.874581797962472,10.290827740492169,829.0,251.0,30.27744270205066,,1040.0,0,213258.0,121038.88027777777,reported
2017-10,74,40,217468.0,9061.166666666666,105784.275,498,408,40,74,0,8.166718781613847,8.032128514056225,919.0,324.0,35.2557127312296,,922.0,0,218390.0,105784.275,reported
2017-11,76,34,196934.0,8205.583333333334,69661.10777777778,531,381,34,76,0,9.26198624920024,6.4030131826742,898.0,396.0,44.097995545657014,,566.0,0,197500.0,69661.10777777778,reported
2017-12,161,70,220954.0,9206.416666666666,76383.16777777778,660,456,70,161,0,17.487802891099506,10.606060606060606,829.0,295.0,35.58504221954162,,618.0,0,221572.0,76383.16777777778,reported
2018-01,337,145,310252.0,12927.166666666666,119295.97222222222,803,622,145,337,0,26.069130900042545,18.05728518057285,1248.0,448.0,35.8974358974359,,663.0,0,310915.0,119295.97222222222,reported
2018-02,746,234,334884.0,13953.5,141151.46,854,697,234,746,0,53.46328878059268,27.400468384074944,1372.0,534.0,38.921282798833815,,650.0,0,335534.0,141151.46,reported
2018-03,752,273,380878.0,15869.916666666666,175384.10583333333,870,731,272,751,1,47.322239667295044,31.264367816091955,1227.0,498.0,40.58679706601467,,710.0,0,381588.0,175384.10583333333,reported
2018-04,495,184,355882.0,14828.416666666666,171701.40444444446,881,724,184,495,0,33.381851287786404,20.885357548240634,833.0,348.0,41.77671068427371,,661.0,0,356543.0,171701.40444444446,reported
2018-05,247,93,281812.0,11742.166666666666,112975.60027777778,687,549,93,247,0,21.035300129164124,13.537117903930133,761.0,276.0,36.26806833114323,,649.0,0,282461.0,112975.60027777778,reported
2018-06,124,55,224690.0,9362.083333333334,93301.53166666666,465,378,55,124,0,13.24491521652054,11.827956989247312,815.0,181.0,22.208588957055213,,858.0,0,225548.0,93301.53166666666,reported
2018-07,151,51,238956.0,9956.5,107206.235,464,390,51,151,0,15.165971978104757,10.991379310344827,1032.0,274.0,26.550387596899228,,955.0,0,239911.0,107206.235,reported
2018-08,146,50,255116.0,10629.833333333334,118197.87611111111,479,413,49,144,1,13.546778720268426,10.22964509394572,977.0,216.0,22.10849539406346,,625.0,0,255741.0,118197.87611111111,reported
2018-09,178,59,255799.0,10658.291666666666,126855.07583333334,515,441,59,178,0,16.700612590354144,11.45631067961165,816.0,264.0,32.35294117647059,,1227.0,0,257026.0,126855.07583333334,reported
2018-10,107,43,269266.0,11219.416666666666,123446.83361111111,568,466,43,107,0,9.53703772477773,7.570422535211267,980.0,265.0,27.040816326530614,,1180.0,0,270446.0,123446.83361111111,reported
2018-11,94,35,232381.0,9682.541666666666,90568.86888888889,601,450,35,94,0,9.708194731927309,5.823627287853577,917.0,327.0,35.659760087241004,,1180.0,0,233561.0,90568.86888888889,reported
2018-12,322,98,256586.0,10691.083333333334,75488.07833333334,707,496,98,322,0,30.118556741209574,13.861386138613863,841.0,260.0,30.915576694411417,,913.0,0,257499.0,75488.07833333334,reported
2019-01,354,129,339747.0,14156.125,117975.68166666667,866,651,129,354,0,25.0068433275349,14.89607390300231,1092.0,426.0,39.010989010989015,,819.0,0,340566.0,117975.68166666667,reported
2019-02,872,242,358788.0,14949.5,135244.08666666667,932,762,242,872,0,58.329710023746614,25.9656652360515,1472.0,695.0,47.21467391304348,,786.0,0,359574.0,135244.08666666667,reported
2019-03,779,224,415810.0,17325.416666666668,192041.68694444446,927,790,224,779,0,44.96284360645487,24.163969795037758,1207.0,356.0,29.494614747307374,,915.0,0,416725.0,192041.68694444446,reported
2019-04,336,109,355690.0,14820.416666666666,154571.225,848,683,108,335,1,22.60395288031713,12.735849056603774,1426.0,401.0,28.12061711079944,,968.0,0,356658.0,154571.225,reported
2019-05,312,75,238132.0,9922.166666666666,89958.78472222222,535,383,74,311,1,31.34396049249996,13.831775700934578,642.0,199.0,30.99688473520249,,822.0,0,238954.0,89958.78472222222,reported
2019-06,157,46,227144.0,9464.333333333334,91099.69583333333,454,360,46,157,0,16.58859578065016,10.13215859030837,828.0,224.0,27.053140096618357,,1102.0,0,228246.0,91099.69583333333,reported
2019-07,205,43,256680.0,10695.0,108931.92833333333,506,437,42,204,1,19.074333800841515,8.300395256916996,941.0,272.0,28.905419766206165,,967.0,0,257647.0,108931.92833333333,reported
2019-08,198,60,270996.0,11291.5,121133.775,516,454,59,196,1,17.35818978877917,11.434108527131782,1200.0,304.0,25.333333333333336,,489.0,0,271485.0,121133.775,reported
2019-09,217,53,254238.0,10593.25,111761.59916666667,530,446,52,216,1,20.39034290703986,9.811320754716983,751.0,222.0,29.560585885486017,,286.0,0,254524.0,111761.59916666667,reported
2019-10,147,57,269878.0,11244.916666666666,111750.70416666666,596,487,56,145,1,12.894715389916925,9.395973154362416,1068.0,266.0,24.9063670411985,,1012.0,0,270890.0,111750.70416666666,reported
2019-11,81,35,238893.0,9953.875,81716.42583333333,645,437,35,81,0,8.137534377315367,5.426356589147287,747.0,289.0,38.68808567603748,,1239.0,0,240132.0,81716.42583333333,reported
2019-12,108,41,226137.0,9422.375,60960.8675,595,379,41,108,0,11.462078297669112,6.890756302521009,522.0,168.0,32.18390804597701,,894.0,0,227031.0,60960.8675,reported
2020-01,267,85,295447.0,12310.291666666666,99361.60583333333,802,604,85,267,0,21.689169292631167,10.598503740648379,868.0,268.0,30.87557603686636,,1079.0,0,296526.0,99361.60583333333,reported
2020-02,444,154,382803.0,15950.125,154711.2786111111,903,741,154,444,0,27.83677243908747,17.05426356589147,873.0,268.0,30.698739977090494,,1092.0,0,383895.0,154711.2786111111,reported
2020-03,568,175,402399.0,16766.625,180797.16722222223,867,728,174,567,1,33.81718145422826,20.069204152249135,661.0,162.0,24.508320726172467,,1568.0,0,403967.0,180797.16722222223,reported
2020-04,809,198,361228.0,15051.166666666666,162785.67888888888,814,669,195,802,3,53.28490593198755,23.955773955773957,631.0,135.0,21.394611727416798,,1398.0,0,362626.0,162785.67888888888,reported
2020-05,301,134,367886.0,15328.583333333334,176945.28444444443,823,692,133,300,1,19.57128023355061,16.160388821385176,716.0,202.0,28.212290502793298,,1404.0,0,369290.0,176945.28444444443,reported
2020-06,100,61,290442.0,12101.75,109567.11722222222,686,520,61,100,0,8.26326770921561,8.892128279883382,556.0,124.0,22.302158273381295,,991.0,0,291433.0,109567.11722222222,reported
2020-07,63,34,272168.0,11340.333333333334,102051.50694444445,531,451,34,63,0,5.555392257723171,6.4030131826742,744.0,177.0,23.790322580645164,,1220.0,0,273388.0,102051.50694444445,reported
2020-08,96,43,287523.0,11980.125,124872.445,531,429,43,96,0,8.013271981719724,8.097928436911488,826.0,157.0,19.00726392251816,,766.0,0,288289.0,124872.445,reported
2020-09,79,29,284295.0,11845.625,125427.95305555555,561,463,29,79,0,6.669128897799821,5.169340463458111,787.0,228.0,28.970775095298603,,1191.0,0,285486.0,125427.95305555555,reported
2020-10,64,32,278946.0,11622.75,99037.99666666667,610,471,32,64,0,5.506442107074488,5.245901639344262,829.0,224.0,27.020506634499398,,1571.0,0,280517.0,99037.99666666667,reported
2020-11,27,19,248687.0,10361.958333333334,79021.10888888889,602,438,19,27,0,2.605685057924218,3.1561461794019934,588.0,202.0,34.35374149659864,,1748.0,0,250435.0,79021.10888888889,reported
2020-12,48,23,259058.0,10794.083333333334,67451.28790208195,729,483,22,47,1,4.354237275050375,3.017832647462277,591.0,150.0,25.380710659898476,,1316.0,0,260374.0,67451.28790208195,reported
2021-01,96,44,413937.0,17247.375,148055.2330332528,923,715,44,96,0,5.566064401104516,4.7670639219935,731.0,197.0,26.949384404924757,,1783.0,0,415720.0,148055.2330332528,reported
2021-02,169,81,462020.0,19250.833333333332,174100.11362427668,1050,836,80,168,1,8.726894939613004,7.6190476190476195,739.0,222.0,30.040595399188092,,1398.0,0,463418.0,174100.11362427668,reported
2021-03,261,104,548575.0,22857.291666666668,218177.98472715166,1051,869,103,260,1,11.37492594449255,9.800190294957185,795.0,219.0,27.547169811320753,,1366.0,0,549941.0,218177.98472715166,reported
2021-04,172,90,528943.0,22039.291666666668,242261.67988293778,1010,860,90,172,0,7.804243557434355,8.91089108910891,807.0,204.0,25.27881040892193,,1071.0,0,530014.0,242261.67988293778,reported
2021-05,130,65,435037.0,18126.541666666668,174948.00571502556,946,765,65,130,0,7.17180377760972,6.871035940803383,745.0,106.0,14.228187919463087,,881.0,0,435918.0,174948.00571502556,reported
2021-06,70,37,295055.0,12293.958333333334,123252.65781747861,585,471,36,69,1,5.612512921319754,6.153846153846154,752.0,140.0,18.617021276595743,,1041.0,0,296096.0,123252.65781747861,reported
2021-07,69,39,317357.0,13223.208333333334,128837.61241775723,579,463,39,69,0,5.218098230068977,6.7357512953367875,638.0,122.0,19.122257053291534,,1262.0,0,318619.0,128837.61241775723,reported
2021-08,83,46,321660.0,13402.5,137200.3852414603,575,493,46,83,0,6.192874463719455,8.0,1138.0,184.0,16.16871704745167,,1834.0,0,323494.0,137200.3852414603,reported
2021-09,65,42,314956.0,13123.166666666666,124817.06451824945,597,497,42,65,0,4.953072810170309,7.035175879396985,954.0,165.0,17.29559748427673,,1420.0,0,316376.0,124817.06451824945,reported
2021-10,69,33,294673.0,12278.041666666666,99996.02623530694,655,510,33,69,0,5.6197887149484345,5.038167938931298,813.0,170.0,20.91020910209102,,1759.0,0,296432.0,99996.02623530694,reported
2021-11,58,40,296643.0,12360.125,103690.2342990125,744,526,40,58,0,4.6925091776984456,5.376344086021505,679.0,159.0,23.416789396170838,,1556.0,0,298199.0,103690.2342990125,reported
2021-12,85,43,419985.0,17499.375,137226.2603187889,930,686,43,85,0,4.857316332726169,4.623655913978494,639.0,154.0,24.100156494522693,,1411.0,0,421396.0,137226.2603187889,reported
2022-01,113,55,506501.0,21104.208333333332,191115.8508863011,1061,849,55,113,0,5.354382321061557,5.183788878416588,479.0,105.0,21.920668058455114,,1435.0,0,507936.0,191115.8508863011,reported
2022-02,138,63,515799.0,21491.625,208101.56335126195,1119,937,63,138,0,6.42110589590131,5.630026809651475,684.0,177.0,25.877192982456144,,1449.0,0,517248.0,208101.56335126195,reported
2022-03,195,71,601712.0,25071.333333333332,246378.7740725714,1187,1000,71,195,0,7.777807323104741,5.981465880370682,1121.0,164.0,14.62979482604817,,2092.0,0,603804.0,246378.7740725714,reported
2022-04,134,61,564626.0,23526.083333333332,266399.4192132153,1096,922,61,134,0,5.695805719184026,5.565693430656935,911.0,145.0,15.916575192096596,,1628.0,0,566254.0,266399.4192132153,reported
2022-05,104,60,491458.0,20477.416666666668,237373.21181527834,972,808,60,104,0,5.07876563205808,6.172839506172839,424.0,93.0,21.933962264150946,,1608.0,0,493066.0,237373.21181527834,reported
2022-06,112,45,388572.0,16190.5,164007.85625470168,851,684,43,110,2,6.794107655724035,5.052878965922444,501.0,85.0,16.966067864271455,,977.0,0,389549.0,164007.85625470168,reported
2022-07,78,37,351416.0,14642.333333333334,153348.90617173695,679,543,36,77,1,5.258724702347076,5.3019145802650955,477.0,64.0,13.417190775681343,,1570.0,0,352986.0,153348.90617173695,reported
2022-08,61,28,352248.0,14677.0,147126.3773998286,649,526,28,61,0,4.1561627035497715,4.314329738058552,741.0,123.0,16.599190283400812,,1433.0,0,353681.0,147126.3773998286,reported
2022-09,72,34,334535.0,13938.958333333334,137970.04764587502,653,522,34,72,0,5.165378809392141,5.206738131699847,532.0,93.0,17.481203007518797,,1160.0,0,335695.0,137970.04764587502,reported
2022-10,54,35,302260.0,12594.166666666666,95941.86614808918,734,495,35,54,0,4.287699331701184,4.768392370572207,535.0,119.0,22.242990654205606,,1124.0,0,303384.0,95941.86614808918,reported
2022-11,45,29,303236.0,12634.833333333334,104703.54795361111,717,506,28,44,1,3.4824361223601423,3.905160390516039,529.0,134.0,25.330812854442343,,1785.0,0,305021.0,104703.54795361111,reported
2022-12,48,34,336335.0,14013.958333333334,96114.5267513889,828,612,34,48,0,3.425156466023459,4.1062801932367154,345.0,71.0,20.579710144927535,,2031.0,0,338366.0,96114.5267513889,reported
2023-01,108,65,479487.0,19978.625,175629.5038888889,1031,838,65,108,0,5.405777424622565,6.304558680892337,416.0,102.0,24.519230769230766,,1168.0,0,480655.0,175629.5038888889,reported
2023-02,156,87,523464.0,21811.0,203901.48777777777,1115,932,87,156,0,7.152354316629223,7.802690582959642,491.0,130.0,26.476578411405292,,913.0,0,524377.0,203901.48777777777,reported
2023-03,175,95,606350.0,25264.583333333332,258773.77388888889,1147,958,95,175,0,6.926692504329183,8.282476024411508,615.0,127.0,20.650406504065042,,1335.0,0,607685.0,258773.77388888889,reported
2023-04,140,81,542093.0,22587.208333333332,236186.55388888888,1050,899,81,140,0,6.1981984641011785,7.7142857142857135,300.0,49.0,16.333333333333332,,752.0,0,542845.0,236186.55388888888,reported
2023-05,120,59,418552.0,17439.666666666668,163426.77444444445,871,725,59,120,0,6.880865459966742,6.77382319173364,430.0,72.0,16.74418604651163,,1396.0,0,419948.0,163426.77444444445,reported
2023-06,113,52,360959.0,15039.958333333334,167581.99111111113,719,617,52,113,0,7.513318687163916,7.232267037552156,398.0,92.0,23.115577889447238,,862.0,0,361821.0,167581.99111111113,reported
2023-07,106,47,363098.0,15129.083333333334,160148.28583333333,689,599,47,106,0,7.006372935130461,6.821480406386067,702.0,113.0,16.096866096866098,,880.0,0,363978.0,160148.28583333333,reported
2023-08,97,54,371986.0,15499.416666666666,150222.33472222224,672,576,54,97,0,6.258300043550026,8.035714285714286,362.0,58.0,16.022099447513813,,304.0,0,372290.0,150222.33472222224,reported
2023-09,95,48,343203.0,14300.125,138637.27083333334,645,516,48,95,0,6.643298572564926,7.441860465116279,804.0,105.0,13.059701492537313,,78.0,0,343281.0,138637.27083333334,reported
2023-10,36,22,309246.0,12885.25,91350.23777777777,711,521,22,36,0,2.793892241128422,3.0942334739803097,376.0,65.0,17.287234042553195,,989.0,0,310235.0,91350.23777777777,reported
2023-11,46,35,298373.0,12432.208333333334,89244.49444444444,754,495,35,46,0,3.700066695042782,4.641909814323608,469.0,111.0,23.66737739872068,,2370.0,0,300743.0,89244.49444444444,reported
2023-12,43,32,366478.0,15269.916666666666,94167.15722222222,888,647,32,43,0,2.815994411670005,3.6036036036036037,425.0,74.0,17.41176470588235,,2188.0,0,368666.0,94167.15722222222,reported
2024-01,79,49,492476.0,20519.833333333332,163773.42194444445,1033,830,49,79,0,3.849933803880798,4.743465634075508,593.0,92.0,15.51433389544688,,0,0,492476.0,163773.42194444445,reported
2024-02,108,67,496417.0,20684.041666666668,176995.0611111111,1054,872,67,108,0,5.221416671870625,6.35673624288425,574.0,109.0,18.989547038327526,,0,0,496417.0,176995.0611111111,reported
2024-03,115,71,546962.0,22790.083333333332,218782.87305555557,1100,940,71,115,0,5.046054387690552,6.454545454545454,413.0,66.0,15.980629539951574,,0,0,546962.0,218782.87305555557,reported
2024-04,106,69,523808.0,21825.333333333332,237958.1652777778,1002,839,69,106,0,4.856741401429531,6.88622754491018,490.0,79.0,16.122448979591837,,0,0,523808.0,237958.1652777778,reported
2024-05,106,64,469013.0,19542.208333333332,197416.36388888888,956,797,64,106,0,5.424156686488434,6.694560669456067,728.0,143.0,19.642857142857142,,0,0,469013.0,197416.36388888888,reported
2024-06,58,35,367775.0,15323.958333333334,146024.35944444445,813,631,34,55,1,3.5891509754605395,4.182041820418204,443.0,56.0,12.641083521444695,,0,0,367775.0,146024.35944444445,reported
2024-07,77,41,362658.0,15110.75,153826.9711111111,686,528,41,77,0,5.095710007775921,5.97667638483965,622.0,78.0,12.540192926045016,,0,0,362658.0,153826.9711111111,reported
2024-08,67,42,358940.0,14955.833333333334,149329.00416666668,666,530,42,67,0,4.479857357775673,6.306306306306306,737.0,103.0,13.975576662143826,,0,0,358940.0,149329.00416666668,reported
2024-09,95,46,328386.0,13682.75,121165.69861111112,689,523,46,95,0,6.943048729239371,6.676342525399129,490.0,80.0,16.3265306122449,,0,0,328386.0,121165.69861111112,reported
2024-10,104,55,298089.0,12420.375,94527.79555555555,711,480,55,104,0,8.37333816410535,7.7355836849507735,652.0,133.0,20.398773006134967,,0,0,298089.0,94527.79555555555,reported
2024-11,41,25,312175.0,13007.291666666666,107419.99361111112,751,550,25,41,0,3.152078161287739,3.3288948069241013,561.0,100.0,17.825311942959,,0,0,312175.0,107419.99361111112,reported
2024-12,39,26,321483.0,13395.125,84059.75166666666,899,629,26,39,0,2.9115069848172377,2.8921023359288096,395.0,79.0,20.0,,0,0,321483.0,84059.75166666666,reported
2025-01,105,58,503487.0,20978.625,182440.61055555556,1097,906,58,105,0,5.005094471158143,5.28714676390155,584.0,98.0,16.78082191780822,,0,0,503487.0,182440.61055555556,reported
2025-02,89,51,508605.0,21191.875,204616.5763888889,1101,948,51,89,0,4.199722771109211,4.632152588555858,692.0,112.0,16.184971098265898,,0,0,508605.0,204616.5763888889,reported
2025-03,100,60,560834.0,23368.083333333332,241583.33444444445,1113,955,60,100,0,4.279341124111591,5.3908355795148255,591.0,118.0,19.96615905245347,,0,0,560834.0,241583.33444444445,reported
2025-04,88,55,501881.0,20911.708333333332,227818.60694444444,1042,879,55,88,0,4.208168868715891,5.278310940499041,533.0,164.0,30.76923076923077,,0,0,501881.0,227818.60694444444,reported
2025-05,57,44,410588.0,17107.833333333332,187201.58194444445,913,748,44,57,0,3.3318070669381474,4.819277108433735,448.0,144.0,32.142857142857146,,0,0,410588.0,187201.58194444445,reported
2025-06,55,36,307593.0,12816.375,122333.81555555556,668,503,36,55,0,4.29138504452312,5.389221556886228,384.0,140.0,36.45833333333333,,0,0,307593.0,122333.81555555556,reported
2025-07,69,42,289140.0,12047.5,104831.91611111112,597,412,41,68,1,5.644324548661548,6.867671691792294,332.0,67.0,20.180722891566266,,0,0,289140.0,104831.91611111112,reported
2025-08,79,46,337014.0,14042.25,144464.87444444446,634,502,45,76,1,5.412238067261301,7.097791798107256,464.0,112.0,24.137931034482758,,0,0,337014.0,144464.87444444446,reported
2025-09,60,39,333306.0,13887.75,123809.18000000001,653,508,38,58,1,4.1763424600817265,5.819295558958652,635.0,106.0,16.69291338582677,,0,0,333306.0,123809.18000000001,reported
2025-10,42,24,315174.0,13132.25,90711.98944444445,732,528,24,42,0,3.1982333568124273,3.278688524590164,360.0,115.0,31.944444444444443,,0,0,315174.0,90711.98944444445,reported
2025-11,37,22,301842.0,12576.75,100948.78861111111,748,526,22,37,0,2.941936509829646,2.941176470588235,267.0,89.0,33.33333333333333,,0,0,301842.0,100948.78861111111,reported
2025-12,62,37,380311.0,15846.291666666666,114967.71,976,722,37,62,0,3.9125873298432077,3.790983606557377,435.0,198.0,45.51724137931035,,177.0,51.858888888888885,380488.0,115019.5688888889,reported
2026-01,114,58,520024.0,21667.666666666668,206562.12666666668,1102,948,58,114,0,5.261295632509269,5.263157894736842,593.0,261.0,44.01349072512647,,592.0,214.22527777777776,520616.0,206776.35194444447,reported
2026-02,127,64,498649.0,20777.041666666668,220662.8397222222,1103,964,64,127,0,6.112516018281396,5.802357207615594,462.0,189.0,40.909090909090914,,525.0,200.8588888888889,499174.0,220863.6986111111,reported
2026-03,169,80,548898.0,22870.75,254150.96416666667,1149,999,80,169,0,7.389351026966759,6.962576153176675,432.0,131.0,30.324074074074076,,605.0,275.27277777777783,549503.0,254426.23694444445,reported
2026-04,88,62,507561.0,21148.375,222454.41444444444,1033,863,62,88,0,4.1610762056186354,6.001936108422071,330.0,76.0,23.03030303030303,,615.0,340.29361111111115,508176.0,222794.70805555556,reported
2026-05,61,29,446360.0,18598.333333333332,176684.6027777778,947,778,29,61,0,3.279863787077695,3.062302006335797,419.0,122.0,29.116945107398568,,688.0,365.2011111111111,447048.0,177049.8038888889,reported
2026-06,64,36,360767.0,15031.958333333334,154548.40833333335,744,572,36,64,0,4.2575956226595,4.838709677419355,320.0,73.0,22.8125,,694.0,415.44361111111107,361461.0,154963.85194444447,reported
2026-07,60,29,367191.0,15299.625,160710.87416666668,708,544,29,60,0,3.9216647466849675,4.096045197740112,,,,,633.0,342.65333333333336,367824.0,161053.5275,no_records_coverage_unknown
2026-08,90,45,355910.0,14829.583333333334,146241.83916666667,669,530,43,88,2,5.9340844595543825,6.427503736920777,,,,,0,0,355910.0,146241.83916666667,no_records_coverage_unknown
