area,month,events,vessels,medianHours,over30days,partial
global,2017-01,1327,683,22.5,41,False
global,2017-02,1313,662,24.5,34,False
global,2017-03,1481,820,21.2,42,False
global,2017-04,1163,681,22.0,32,False
global,2017-05,1179,671,24.4,34,False
global,2017-06,1295,716,24.3,55,False
global,2017-07,1598,777,22.6,58,False
global,2017-08,1734,720,22.9,40,False
global,2017-09,1728,733,28.7,47,False
global,2017-10,1729,828,32.1,53,False
global,2017-11,1490,747,23.8,43,False
global,2017-12,1167,629,25.6,35,False
global,2018-01,1427,751,25.7,36,False
global,2018-02,1945,869,22.1,62,False
global,2018-03,2266,1127,22.4,46,False
global,2018-04,1894,997,21.1,52,False
global,2018-05,1736,833,26.8,58,False
global,2018-06,1569,807,27.3,56,False
global,2018-07,2137,904,21.1,54,False
global,2018-08,2350,897,20.8,72,False
global,2018-09,2121,844,22.9,56,False
global,2018-10,2343,966,23.5,47,False
global,2018-11,1891,856,23.8,38,False
global,2018-12,1567,799,24.7,51,False
global,2019-01,1613,804,24.3,57,False
global,2019-02,2084,894,22.5,67,False
global,2019-03,2090,928,23.8,69,False
global,2019-04,1715,856,24.6,48,False
global,2019-05,1774,912,22.6,53,False
global,2019-06,1790,925,26.4,61,False
global,2019-07,2504,937,22.9,54,False
global,2019-08,1929,906,28.6,52,False
global,2019-09,2258,909,23.2,72,False
global,2019-10,2416,982,23.9,50,False
global,2019-11,2080,982,24.5,58,False
global,2019-12,1606,825,25.3,48,False
global,2020-01,1984,922,26.8,45,False
global,2020-02,2266,1034,24.7,58,False
global,2020-03,2202,1033,25.8,69,False
global,2020-04,2281,987,24.7,67,False
global,2020-05,1856,977,25.7,54,False
global,2020-06,1847,980,27.2,67,False
global,2020-07,2072,1031,26.3,49,False
global,2020-08,2235,1048,23.5,45,False
global,2020-09,2715,1064,20.4,52,False
global,2020-10,2709,1054,24.2,47,False
global,2020-11,2420,989,21.7,58,False
global,2020-12,1813,911,25.3,60,False
global,2021-01,1739,888,27.5,59,False
global,2021-02,1759,899,28.2,45,False
global,2021-03,2182,1022,24.9,49,False
global,2021-04,2031,994,26.1,58,False
global,2021-05,1998,952,25.4,58,False
global,2021-06,1908,952,28.8,73,False
global,2021-07,2226,1019,24.9,68,False
global,2021-08,2585,1047,20.6,74,False
global,2021-09,2878,1082,22.1,81,False
global,2021-10,2795,1078,25.1,67,False
global,2021-11,2397,1065,24.9,71,False
global,2021-12,1665,889,27.7,63,False
global,2022-01,1651,909,23.6,71,False
global,2022-02,1685,903,24.4,46,False
global,2022-03,1954,940,25.6,52,False
global,2022-04,1940,956,26.8,78,False
global,2022-05,1944,1007,26.1,84,False
global,2022-06,1986,996,27.9,88,False
global,2022-07,2392,1061,23.4,86,False
global,2022-08,2817,1038,19.2,67,False
global,2022-09,2895,1078,21.7,85,False
global,2022-10,3082,1180,23.3,71,False
global,2022-11,2353,1136,24.5,60,False
global,2022-12,1790,978,29.0,60,False
global,2023-01,1979,1067,28.8,90,False
global,2023-02,2127,1116,27.0,92,False
global,2023-03,2540,1294,26.5,98,False
global,2023-04,2130,1100,29.4,99,False
global,2023-05,2072,1106,29.6,102,False
global,2023-06,2325,1168,28.2,109,False
global,2023-07,2763,1247,26.6,85,False
global,2023-08,2600,1194,25.2,70,False
global,2023-09,2774,1201,24.4,92,False
global,2023-10,2663,1214,29.9,104,False
global,2023-11,2141,1201,27.0,104,False
global,2023-12,2029,1201,30.8,96,False
global,2024-01,1743,1004,33.0,82,False
global,2024-02,1660,924,31.9,70,False
global,2024-03,1874,1027,33.8,79,False
global,2024-04,1758,946,32.3,82,False
global,2024-05,1992,1035,29.1,80,False
global,2024-06,2205,1133,27.1,84,False
global,2024-07,2627,1188,23.0,91,False
global,2024-08,2984,1219,23.8,59,False
global,2024-09,2463,1091,27.5,79,False
global,2024-10,1867,1081,29.7,84,False
global,2024-11,1506,854,26.8,50,False
global,2024-12,1446,788,27.2,40,False
global,2025-01,1561,856,34.4,53,False
global,2025-02,1389,810,37.7,57,False
global,2025-03,1626,913,36.3,66,False
global,2025-04,1436,836,35.1,66,False
global,2025-05,1354,826,30.9,51,False
global,2025-06,1369,852,39.1,62,False
global,2025-07,1864,907,27.4,77,False
global,2025-08,2085,924,28.3,71,False
global,2025-09,1682,1024,32.3,62,False
global,2025-10,1296,774,38.1,71,False
global,2025-11,1184,671,35.6,43,False
global,2025-12,1278,719,33.5,59,False
global,2026-01,1320,746,34.0,77,False
global,2026-02,1321,777,30.7,63,False
global,2026-03,1432,842,33.2,69,False
global,2026-04,1127,726,35.4,66,False
global,2026-05,915,572,43.6,58,False
global,2026-06,861,537,45.9,56,False
global,2026-07,892,577,47.0,39,False
global,2026-08,815,492,32.1,2,False
global,2026-09,27,24,15.3,0,True
region,2017-01,261,72,17.1,8,False
region,2017-02,489,182,30.7,13,False
region,2017-03,448,191,22.4,11,False
region,2017-04,190,98,25.6,4,False
region,2017-05,152,72,34.8,0,False
region,2017-06,99,46,45.7,3,False
region,2017-07,78,44,40.0,5,False
region,2017-08,98,44,30.6,2,False
region,2017-09,105,46,23.3,1,False
region,2017-10,74,40,19.2,1,False
region,2017-11,76,34,22.4,2,False
region,2017-12,161,70,18.3,3,False
region,2018-01,337,145,23.2,10,False
region,2018-02,746,234,18.6,25,False
region,2018-03,752,273,24.1,3,False
region,2018-04,495,184,18.8,8,False
region,2018-05,247,93,32.3,4,False
region,2018-06,124,55,36.9,1,False
region,2018-07,151,51,38.4,3,False
region,2018-08,146,50,36.2,2,False
region,2018-09,178,59,21.9,0,False
region,2018-10,107,43,32.9,1,False
region,2018-11,94,35,27.4,2,False
region,2018-12,322,98,18.1,3,False
region,2019-01,354,129,21.0,8,False
region,2019-02,872,242,20.0,17,False
region,2019-03,779,224,21.8,9,False
region,2019-04,336,109,19.0,1,False
region,2019-05,312,75,18.7,2,False
region,2019-06,157,46,20.7,5,False
region,2019-07,205,43,21.1,0,False
region,2019-08,198,60,26.3,2,False
region,2019-09,217,53,21.3,1,False
region,2019-10,147,57,40.3,9,False
region,2019-11,81,35,29.9,3,False
region,2019-12,108,41,32.4,2,False
region,2020-01,267,85,31.2,2,False
region,2020-02,444,154,22.2,5,False
region,2020-03,568,175,23.2,11,False
region,2020-04,809,198,18.8,7,False
region,2020-05,301,134,20.6,4,False
region,2020-06,100,61,32.1,2,False
region,2020-07,63,34,56.0,0,False
region,2020-08,96,43,37.3,0,False
region,2020-09,79,29,53.5,1,False
region,2020-10,64,32,34.9,0,False
region,2020-11,27,19,27.9,2,False
region,2020-12,48,23,30.1,2,False
region,2021-01,96,44,29.9,5,False
region,2021-02,169,81,26.1,5,False
region,2021-03,261,104,26.3,3,False
region,2021-04,172,90,17.8,1,False
region,2021-05,130,65,28.3,7,False
region,2021-06,70,37,27.1,2,False
region,2021-07,69,39,37.6,3,False
region,2021-08,83,46,55.5,2,False
region,2021-09,65,42,32.9,0,False
region,2021-10,69,33,28.5,1,False
region,2021-11,58,40,22.2,8,False
region,2021-12,85,43,19.5,4,False
region,2022-01,113,55,18.4,3,False
region,2022-02,138,63,20.6,2,False
region,2022-03,195,71,20.7,1,False
region,2022-04,134,61,17.7,5,False
region,2022-05,104,60,18.5,1,False
region,2022-06,112,45,19.1,4,False
region,2022-07,78,37,26.0,3,False
region,2022-08,61,28,21.7,0,False
region,2022-09,72,34,38.6,0,False
region,2022-10,54,35,25.6,0,False
region,2022-11,45,29,20.3,3,False
region,2022-12,48,34,30.8,2,False
region,2023-01,108,65,24.3,5,False
region,2023-02,156,87,23.0,5,False
region,2023-03,175,95,21.7,3,False
region,2023-04,140,81,23.2,6,False
region,2023-05,120,59,29.9,2,False
region,2023-06,113,52,23.7,0,False
region,2023-07,106,47,33.4,1,False
region,2023-08,97,54,22.1,0,False
region,2023-09,95,48,29.6,1,False
region,2023-10,36,22,32.7,0,False
region,2023-11,46,35,34.3,0,False
region,2023-12,43,32,24.4,1,False
region,2024-01,79,49,24.4,3,False
region,2024-02,108,67,24.4,9,False
region,2024-03,115,71,20.1,2,False
region,2024-04,106,69,19.6,2,False
region,2024-05,106,64,26.0,3,False
region,2024-06,58,35,21.8,4,False
region,2024-07,77,41,24.2,0,False
region,2024-08,67,42,31.7,0,False
region,2024-09,95,46,31.6,3,False
region,2024-10,104,55,27.8,2,False
region,2024-11,41,25,36.9,0,False
region,2024-12,39,26,21.5,1,False
region,2025-01,105,58,22.8,1,False
region,2025-02,89,51,26.6,0,False
region,2025-03,100,60,19.7,1,False
region,2025-04,88,55,24.3,2,False
region,2025-05,57,44,24.0,0,False
region,2025-06,55,36,25.9,1,False
region,2025-07,69,42,27.4,4,False
region,2025-08,79,46,29.7,2,False
region,2025-09,60,39,39.5,3,False
region,2025-10,42,24,32.6,2,False
region,2025-11,37,22,35.7,3,False
region,2025-12,62,37,44.2,3,False
region,2026-01,114,58,25.8,1,False
region,2026-02,127,64,22.3,0,False
region,2026-03,169,80,19.9,2,False
region,2026-04,88,62,18.5,0,False
region,2026-05,61,29,26.8,0,False
region,2026-06,64,36,23.7,1,False
region,2026-07,60,29,17.7,0,False
region,2026-08,90,45,23.6,0,False
region,2026-09,8,8,19.5,0,True
